{"cameraMode":{"drawMode":0,"name":"Shaded","section":"Shading Mode"},"sceneLighting":true,"audioPlay":false,"sceneViewState":{"m_AlwaysRefresh":false,"showFog":true,"showSkybox":true,"showFlares":true,"showImageEffects":true,"showParticleSystems":true,"showVisualEffectGraphs":true,"m_FxEnabled":true},"in2DMode":false,"pivot":{"x":0.6375173330307007,"y":1.5557222366333008,"z":-2.906742572784424},"rotation":{"x":0.16580849885940553,"y":0.05236712470650673,"z":-0.008819286711513996,"w":0.9847618937492371},"size":1.8269706964492798,"orthographic":false}