{"cameraMode":{"drawMode":0,"name":"Shaded","section":"Shading Mode"},"sceneLighting":true,"audioPlay":false,"sceneViewState":{"m_AlwaysRefresh":false,"showFog":true,"showSkybox":true,"showFlares":true,"showImageEffects":true,"showParticleSystems":true,"showVisualEffectGraphs":true,"m_FxEnabled":true},"in2DMode":false,"pivot":{"x":3.7471165657043459,"y":-0.7200721502304077,"z":1.739861249923706},"rotation":{"x":-0.13701501488685609,"y":-0.4690089225769043,"z":0.07390990853309632,"w":-0.8693919777870178},"size":4.2977728843688969,"orthographic":false}