{"cameraMode":{"drawMode":0,"name":"Shaded","section":"Shading Mode"},"sceneLighting":true,"audioPlay":false,"sceneViewState":{"m_AlwaysRefresh":false,"showFog":true,"showSkybox":true,"showFlares":true,"showImageEffects":true,"showParticleSystems":true,"showVisualEffectGraphs":true,"m_FxEnabled":true},"in2DMode":false,"pivot":{"x":1.0173888206481934,"y":1.2031558752059937,"z":0.11156129837036133},"rotation":{"x":0.11997237801551819,"y":-0.02798275835812092,"z":0.003382562194019556,"w":0.9923794865608215},"size":2.5330440998077394,"orthographic":false}