{"cameraMode":{"drawMode":0,"name":"Shaded","section":"Shading Mode"},"sceneLighting":true,"audioPlay":false,"sceneViewState":{"m_AlwaysRefresh":false,"showFog":true,"showSkybox":true,"showFlares":true,"showImageEffects":true,"showParticleSystems":true,"showVisualEffectGraphs":true,"m_FxEnabled":true},"in2DMode":false,"pivot":{"x":1.0028669834136963,"y":-0.6542243957519531,"z":3.964784622192383},"rotation":{"x":-0.2554378807544708,"y":-0.011331981047987938,"z":0.002996650990098715,"w":-0.9667893052101135},"size":5.420804977416992,"orthographic":false}