{"cameraMode":{"drawMode":0,"name":"Shaded","section":"Shading Mode"},"sceneLighting":true,"audioPlay":false,"sceneViewState":{"m_AlwaysRefresh":false,"showFog":true,"showSkybox":true,"showFlares":true,"showImageEffects":true,"showParticleSystems":true,"showVisualEffectGraphs":true,"m_FxEnabled":true},"in2DMode":false,"pivot":{"x":0.628669261932373,"y":1.130083441734314,"z":-0.760533332824707},"rotation":{"x":0.1467825025320053,"y":-0.0008630849188193679,"z":0.00012615218292921782,"w":0.9892047643661499},"size":3.5276031494140627,"orthographic":false}