{"cameraMode":{"drawMode":0,"name":"Shaded","section":"Shading Mode"},"sceneLighting":true,"audioPlay":false,"sceneViewState":{"m_AlwaysRefresh":false,"showFog":true,"showSkybox":true,"showFlares":true,"showImageEffects":true,"showParticleSystems":true,"showVisualEffectGraphs":true,"m_FxEnabled":true},"in2DMode":false,"pivot":{"x":-0.36808323860168459,"y":1.7983747720718384,"z":-0.33512377738952639},"rotation":{"x":0.17766129970550538,"y":0.3437131941318512,"z":-0.06639061123132706,"w":0.919763445854187},"size":3.3635807037353517,"orthographic":false}