{"cameraMode":{"drawMode":0,"name":"Shaded","section":"Shading Mode"},"sceneLighting":true,"audioPlay":false,"sceneViewState":{"m_AlwaysRefresh":false,"showFog":true,"showSkybox":true,"showFlares":true,"showImageEffects":true,"showParticleSystems":true,"showVisualEffectGraphs":true,"m_FxEnabled":true},"in2DMode":false,"pivot":{"x":0.7095307111740112,"y":1.7288856506347657,"z":-1.739689588546753},"rotation":{"x":0.1467825025320053,"y":-0.0008630849188193679,"z":0.00012615218292921782,"w":0.9892047643661499},"size":1.8269706964492798,"orthographic":false}