{"cameraMode":{"drawMode":0,"name":"Shaded","section":"Shading Mode"},"sceneLighting":true,"audioPlay":false,"sceneViewState":{"m_AlwaysRefresh":false,"showFog":true,"showSkybox":true,"showFlares":true,"showImageEffects":true,"showParticleSystems":true,"showVisualEffectGraphs":true,"m_FxEnabled":true},"in2DMode":false,"pivot":{"x":1.3464930057525635,"y":2.392824172973633,"z":-1.4502897262573243},"rotation":{"x":0.127436563372612,"y":0.02145027555525303,"z":-0.0027584026101976635,"w":0.9916475415229797},"size":5.00095796585083,"orthographic":false}